Series Code,"Country Code","YR2000","YR2001","YR2002","YR2003","YR2004","YR2005","YR2006","YR2007","YR2008","YR2009","YR2010","YR2011","YR2012","YR2013","YR2014","YR2015"
PA.NUS.PPPC.RF,"GBR","0.962088061733999","0.901417878220815","0.940687949640288","1.0446987755102","1.15789271329183","1.15667818181818","1.15312971481141","1.29130652260904","1.19640257352941","1.02212182582957","1.0672543263288","1.12107675052075","1.09915537432059","1.08140008030632","1.15071566214772",".."
PA.NUS.PPPC.RF,"AFG","..","..","0.214553049245841","0.215347208989716","0.239149792968491","0.247425202458637","0.255778948092648","0.30552840232369","0.299391590421458","0.300852606289035","0.34983560756456","0.363414547327602","0.357320763711932","0.344004764145974","0.327783089408686",".."
PA.NUS.PPPC.RF,"ALB","0.290622780306595","0.294317413492665","0.303735345097926","0.364820653289341","0.427517335414276","0.436964217502704","0.425236690352617","0.470465964813548","0.498401505966204","0.440388308231149","0.440067491435315","0.460349154718283","0.409966232282273","0.42375788228717","0.410911364325495",".."
PA.NUS.PPPC.RF,"DZA","0.219410538659229","0.204893491852602","0.19813004628468","0.21665786664434","0.254183543359151","0.281250630818188","0.30426057643517","0.33059104417596","0.402709644215433","0.315648605054411","0.353644454307875","0.41818853255105","0.415652925391948","0.399645783015719","0.386382061353059",".."
PA.NUS.PPPC.RF,"ASM","..","..","..","..","..","..","..","..","..","..","..","..","..","..","..",".."
PA.NUS.PPPC.RF,"ADO","..","..","..","..","..","..","..","..","..","..","..","..","..","..","..",".."
PA.NUS.PPPC.RF,"AGO","..","..","..","..","..","..","..","..","..","..","..","0.727258995463046","..","..","..",".."
PA.NUS.PPPC.RF,"ATG","0.659246708623911","0.657269804257907","0.6523210418928","0.632049597775607","0.624840660423367","0.633546044274752","0.617030176998274","0.623415155634755","0.6385188445715","0.645056541607685","0.645978374327193","0.641279278639304","0.645715825448941","0.63625987589173","0.608421847971807",".."
PA.NUS.PPPC.RF,"ARG","..","..","..","..","..","..","..","..","..","..","..","..","..","..","..",".."
PA.NUS.PPPC.RF,"ARM","0.268627607669195","0.26568008728787","0.259319166364387","0.263356289577466","0.295629347191343","0.344640357835682","0.384832237860109","0.475201472985289","0.552271622706414","0.473439621048212","0.490064707335362","0.50226800558822","0.481927443469056","0.481418940717111","0.480008214184819",".."
PA.NUS.PPPC.RF,"ABW","..","..","..","..","..","..","..","..","..","..","..","0.703977174586184","..","..","..",".."
PA.NUS.PPPC.RF,"AUS","0.821458267914338","0.711535902114415","0.699293637505232","0.789400698893419","0.97222506757718","1.04371974139227","1.05133423180593","1.12018450184502","1.32414771709937","1.06105654542777","1.32366511054347","1.48974859509021","1.58807486079604","1.48762491022879","1.34957495639401",".."
PA.NUS.PPPC.RF,"AUT","0.829231619679381","0.8202451901566","0.842932429888952","0.996909706546275","1.08558107772535","1.1023554284293","1.07454522644587","1.1873952915412","1.2487095356672","1.17315921089191","1.11379205298013","1.16130803447317","1.0537745633668","1.06625401290381","1.07214680340545",".."
PA.NUS.PPPC.RF,"AZE","0.185352695018774","0.178502308161401","0.173670211361327","0.178655572224259","0.18824390623978","0.220161000315071","0.251581370070585","0.308673489329085","0.403963057514203","0.332223208144566","0.373877222506336","0.45636801420488","0.457154974257006","0.455680499282836","0.450123173078077",".."
PA.NUS.PPPC.RF,"BHS","1.03682013091882","1.01730290475013","1.04160647273062","1.03303372638103","1.01739758578929","1.035526141454","1.01297855738932","1.01580243938534","1.01109289588299","0.993070767492716","0.977236061017481","0.94924948597659","0.9521402235948","0.960425834737139","0.945782281767658",".."
PA.NUS.PPPC.RF,"BHR","0.37970786143925","0.358759192718035","0.365930190563122","0.389074426170508","0.420281330199971","0.463105867033553","0.489031788238979","0.516536970283098","0.56417373828167","0.487166672265968","0.5171012041928","0.560497783567564","0.562876367144162","0.562760395500726","0.546265563810957",".."
PA.NUS.PPPC.RF,"BGD","0.311651747598948","0.293361346643697","0.282036581539753","0.2902294099141","0.29048234562387","0.281747321695176","0.265020707803617","0.267294027066879","0.284613843446461","0.300732530385635","0.316578258147935","0.325102317484393","0.31081238899526","0.324911541465916","0.348029459397492",".."
PA.NUS.PPPC.RF,"BRB","1.01087731792767","1.01111024206153","1.00449935288271","0.99631491430705","1.02622416377986","1.05981391089822","1.07434875958985","1.08697821262917","1.07283495657103","1.11116823355627","1.05753189331067","1.00839815762783","0.97773339547457","0.956230817057875","0.95693539187169",".."
PA.NUS.PPPC.RF,"BLR","0.22002709858887","0.199256571651755","0.2206913487279","0.246882140356288","0.279887137731509","0.323571747665008","0.349170389510482","0.383630326505358","0.458132242666217","0.367550550687371","0.378204820284239","0.379788334853293","0.390567307696179","0.437497250929556","0.442128443212471",".."
PA.NUS.PPPC.RF,"BEL","0.820679012345679","0.791888143176734","0.8142518351214","0.990067720090293","1.11302706729575","1.11876632259669","1.10780830510601","1.213895428415","1.27948440017577","1.19269797165879","1.13054834437086","1.16743258270781","1.06686730880567","1.08280297134501","1.08962652044257",".."
PA.NUS.PPPC.RF,"BLZ","0.60980299488044","0.594888165289525","0.596163746514465","0.56776686492006","0.564018671032405","0.561080809512485","0.568738243214355","0.5808371180531","0.58523152042048","0.563363073218585","0.562898042151755","0.574900738909415","0.575731615302525","0.57665664850607","0.57399075115551",".."
PA.NUS.PPPC.RF,"BEN","0.283288172883374","0.274323123817176","0.294246024778642","0.356567513528589","0.384725467687183","0.389338586074957","0.389010839981694","0.415030923072187","0.463675758446707","0.44750624872045","0.425197197961177","0.45359173623135","0.442334157762138","0.457709821425668","0.445019683086211",".."
PA.NUS.PPPC.RF,"BMU","1.38852545890443","1.33899935329764","1.43190981704926","1.44357191019415","1.47086177627487","1.52137461396836","1.55539562859256","1.6039548142116","1.60590113234773","1.59911522454611","1.59639095344713","1.56358868705359","1.6101972928742","1.63805473350311","..",".."
PA.NUS.PPPC.RF,"BTN","0.273041567176943","0.267617925961019","0.26836196974426","0.283053176433001","0.293870761376311","0.309725659177669","0.308315514455647","0.339310720376388","0.334165497788264","0.312534349062287","0.346420618628422","0.361165129840852","0.338316512745696","0.321819246720457","0.327611477202024",".."
PA.NUS.PPPC.RF,"BOL","0.287938918250948","0.268409360604833","0.250461356571098","0.244431623069571","0.247886214439171","0.250322421695187","0.277922674833599","0.296617523624035","0.348300914653178","0.347800046930546","0.373939052867959","0.424698103344075","0.448577156542887","0.468490339204421","0.471216876445043",".."
PA.NUS.PPPC.RF,"BIH","0.331950455332169","0.324596133470992","0.351243888893005","0.416701786972004","0.457713421161916","0.456644753455285","0.457270288403657","0.511899548631768","0.565540965609857","0.527964112480202","0.500483521282735","0.51588398520345","0.463125985250343","0.46938160380098","0.46530232126805",".."
PA.NUS.PPPC.RF,"BWA","0.405858097020971","0.375395790928456","0.345341472393031","0.446949505331467","0.505052558889885","0.51885337744538","0.473693784873873","0.460302587964733","0.42515650185072","0.428615145801481","0.485757155378929","0.550440329299901","0.486521296084139","0.444041325618788","0.442463385120172",".."
PA.NUS.PPPC.RF,"BRA","0.415970748394643","0.341441743408699","0.296325985286887","0.315734450697148","0.348308719605569","0.435587485927859","0.504985955992318","0.584917138692887","0.662580980240539","0.647234066293948","0.787941928007799","0.879408688515878","0.797762863078654","0.764629732690344","0.737852772810585",".."
PA.NUS.PPPC.RF,"BRN","0.306391699536689","0.272127339778245","0.269181197345492","0.287809209529205","0.334591986972555","0.390962683295641","0.437255896955714","0.454069407029263","0.533694064664213","0.40204949414526","0.446231532138416","0.570353538908487","0.563742477548958","0.537264473581966","0.575679614060751",".."
PA.NUS.PPPC.RF,"BGR","0.253656244967112","0.255600178402197","0.267928869652457","0.321194881772915","0.366286501460305","0.380579022872386","0.389454463247564","0.445439745417686","0.488531746069577","0.467762155972376","0.44765297692887","0.496702380541101","0.455549318227223","0.461982138919566","0.456268419551657",".."
PA.NUS.PPPC.RF,"BFA","0.273567281822741","0.268046881195438","0.288304817699895","0.344015130896115","0.368678675396","0.371116046925219","0.362558369948287","0.387250154143929","0.4375356469733","0.421722447382164","0.412222629459539","0.45279618855328","0.435070366319569","0.448562024418606","0.440287743910698",".."
PA.NUS.PPPC.RF,"BDI","0.227529374061143","0.219558270838646","0.194896105834447","0.183904573014958","0.19914798781195","0.233421480447178","0.244882879367644","0.242462004838645","0.269029849530063","0.27857048571443","0.308926110396668","0.337623753287664","0.334654225966918","0.346131000002478","0.371488458098804",".."
PA.NUS.PPPC.RF,"CPV","0.407700912482185","0.407123034756743","0.420175245397464","0.518343933760431","0.519856881059632","0.495377051200997","0.507313877123936","0.586324100795494","0.637268552452056","0.612851751549972","0.580144133425013","0.612577627579749","0.559279443948426","0.572146072992413","0.558492168709457",".."
PA.NUS.PPPC.RF,"KHM","0.275699716785441","0.271745016691764","0.270034839548065","0.26531498330807","0.268156644832266","0.270453135664528","0.27382413274751","0.287408851153171","0.316576473543461","0.315432590196929","0.317850881507386","0.331924277632825","0.332639975502864","0.335601797714726","0.335488053882643",".."
PA.NUS.PPPC.RF,"CMR","0.306026936945337","0.29694217054194","0.31756894379617","0.374725213692149","0.407279349135351","0.405590089134281","0.412584705192322","0.442955289189011","0.481991603403725","0.470477696774451","0.454734875910765","0.481517226197807","0.450311195882573","0.469472259342826","0.473518741289138",".."
PA.NUS.PPPC.RF,"CAN","0.826523466433237","0.787447701446281","0.783363920219206","0.87528584683463","0.947489623366641","1.00152170325136","1.06401710155148","1.13006889488874","1.15687910028116","1.05232000699851","1.1840875558144","1.2530611419909","1.24561805606545","1.18032243991803","1.1146130452951",".."
PA.NUS.PPPC.RF,"CYM","..","..","..","..","..","..","..","..","..","..","..","..","..","..","..",".."
PA.NUS.PPPC.RF,"CAF","0.37383186234076","0.35651247625715","0.360524623288773","0.429561293965944","0.439520238813104","0.448640458724368","0.454277777692326","0.491814471870305","0.552593399588998","0.538222998476138","0.517123931245362","0.542233810433703","0.505595396811832","0.552078939637554","0.603432000638929",".."
PA.NUS.PPPC.RF,"TCD","0.210896698454715","0.227906013828473","0.240573810628141","0.283084477944891","0.332610032619964","0.413468942929261","0.445059499344798","0.488599156438973","0.557223180321833","0.474335685753124","0.475318325231721","0.530750149524836","0.487194078779788","0.475517421647198","0.469591061346014",".."
PA.NUS.PPPC.RF,"CHI","..","..","..","..","..","..","..","..","..","..","..","..","..","..","..",".."
PA.NUS.PPPC.RF,"CHL","0.530940302878645","0.459512500393738","0.433439052747699","0.444488861729824","0.527363348809739","0.59612249728682","0.607559764273254","0.62426168912626","0.656485040988705","0.629682016845918","0.700568416373803","0.719537382602718","0.713769768124039","0.735167831714596","0.658251173581331",".."
PA.NUS.PPPC.RF,"CHN","0.327415617164506","0.326731615705677","0.323686911758263","0.325554968737214","0.338750225997568","0.344343203337633","0.356731714546561","0.392720747112907","0.45460592836819","0.458435919540847","0.488695759151816","0.542526659008179","0.558606599749082","0.573287239102056","0.574723306921241",".."
PA.NUS.PPPC.RF,"COL","0.375409627694524","0.354905578194535","0.340063031574692","0.31019951367904","0.354389066578268","0.410509185619974","0.414082563923524","0.481336553847602","0.536278916451458","0.50178444141324","0.585267161479384","0.628691662352777","0.654203572153284","0.631564529382294","0.591737456521847",".."
PA.NUS.PPPC.RF,"COM","0.331656361024054","0.342130325078559","0.369166335563893","0.456244306417724","0.50506453669373","0.491625848700055","0.496115931083149","0.545930716876634","0.59674589691539","0.577900874926615","0.56099787380299","0.586562853140135","0.544068318352007","0.56353851296331","0.566772597792037",".."
PA.NUS.PPPC.RF,"ZAR","0.966637748660668","0.376185030491603","0.422296731141869","0.401580683798737","0.421874592877464","0.447438246373767","0.492506910349422","0.516770930030223","0.55998835813386","0.513802326753088","0.532721505499738","0.567563495596938","0.599161815524084","0.594651333751899","0.593098747119491",".."
PA.NUS.PPPC.RF,"COG","0.281095637772184","0.229764414748648","0.233856433608024","0.263272718336921","0.329270390653514","0.387647414749978","0.449645474336909","0.483218978426989","0.634163818193702","0.473765219034523","0.538694821259923","0.613095524780697","0.550160847119704","0.53968142192101","0.501385565932198",".."
PA.NUS.PPPC.RF,"CRI","0.535310183512629","0.532653915882376","0.523503954113218","0.501652624413727","0.497120943080047","0.488323542785882","0.491409490038824","0.518201693943082","0.560799091296551","0.553705423929906","0.64387464716082","0.685708560118348","0.703630637548257","0.72849839116807","0.698176058827269",".."
PA.NUS.PPPC.RF,"CIV","0.274895803905703","0.280356473640034","0.309761167854101","0.381695642105926","0.396876554579636","0.390111257470727","0.388455540344726","0.424935204028958","0.483965224302694","0.466201925742621","0.462755754072555","0.483672126557731","0.457242885877909","0.477366938744964","0.474472649130174",".."
PA.NUS.PPPC.RF,"HRV","0.445037073123973","0.444784221582332","0.475167422805024","0.572085307827921","0.639595369070071","0.658122624712939","0.668077024919526","0.715938704177183","0.776656780246655","0.730008530565921","0.711683905239936","0.706919395752588","0.629803653847445","0.633107605502607","0.622842972997369",".."
PA.NUS.PPPC.RF,"CUB","0.307250593646672","0.301790062844947","0.310679790544719","0.313670977008957","0.307121466201404","0.29868234597536","0.319810011450645","0.322704359672027","0.315407657378344","0.315015248367297","0.314969475400731","0.321938711455632","0.325469416775217","0.329427806715791","..",".."
PA.NUS.PPPC.RF,"CUW","..","..","..","..","..","..","..","..","..","..","..","..","..","..","..",".."
PA.NUS.PPPC.RF,"CYP","0.690288438965867","0.65866053730831","0.695303985932622","0.843909119663253","0.921178028354319","0.90512770726946","0.890561138430178","0.973197468726574","1.00358227036759","0.929174653161267","0.896370393446087","0.965242670982721","0.904382061990589","0.912488257331268","0.899306578792619",".."
PA.NUS.PPPC.RF,"CZE","0.368158334520864","0.373632245495679","0.437369954732334","0.496757843241519","0.556007789943891","0.597570521008123","0.621257766998885","0.687166559079911","0.83541445784544","0.729335886271836","0.73011566474503","0.757124192609588","0.683688111352318","0.659504613642074","0.62536052029387",".."
PA.NUS.PPPC.RF,"DNK","1.04009921935891","1.01667768058826","1.05161779421637","1.29389908465777","1.40260219325333","1.43242058396838","1.40020986076545","1.51281058838658","1.57161707302721","1.46155999925386","1.37795078323643","1.41533872259579","1.31367650175517","1.321371999041","1.3334003468469",".."
PA.NUS.PPPC.RF,"DJI","0.454730549105772","0.452422210415192","0.448400388036888","0.448286858383452","0.449952754884966","0.449532912852889","0.451536071729024","0.46151083470817","0.504099935169456","0.500168942563421","0.513667851394723","0.52893618030337","0.541399634565238","0.546250455445129","0.554546996085252",".."
PA.NUS.PPPC.RF,"DMA","0.744655713679909","0.740329327868979","0.730416214045381","0.689425023738148","0.695666415189247","0.666653599976404","0.66230549567647","0.654919761242315","0.652233654768189","0.699434671444344","0.692600384239563","0.689280493692744","0.663455401084422","0.678628615953415","0.666017774049526",".."
PA.NUS.PPPC.RF,"DOM","0.439281873550933","0.43762245047081","0.434905113467269","0.342307648114183","0.340609978314279","0.465978988561199","0.431909582722782","0.475450495510161","0.493932713340491","0.486073251405633","0.495572191141095","0.511655285556097","0.508493915181283","0.484268019233898","0.464744261604722",".."
PA.NUS.PPPC.RF,"ECU","0.247845167347714","0.311021575602562","0.343338709557336","0.37228531104891","0.37776406614658","0.394288686106374","0.413142532133359","0.429196230150493","0.479227808802066","0.478733657260313","0.508263830386482","0.526181381152404","0.54267069365185","0.551268308024654","0.558039783730532",".."
PA.NUS.PPPC.RF,"EGY","0.243923262845361","0.225254263569013","0.195000110778148","0.174882187597287","0.155467711345633","0.163997495462222","0.178472008935517","0.197069244676609","0.225083719333656","0.247679725298517","0.269559887733512","0.279675259470045","0.314811819592938","0.314406557713026","0.319543825122721",".."
PA.NUS.PPPC.RF,"SLV","0.443763712832379","0.448626457410981","0.44717813781879","0.450745806267904","0.452227345693662","0.45774891084695","0.463811687006008","0.471533651573967","0.486763021443765","0.480800726084674","0.485779914331942","0.503038767407179","0.499184978026075","0.493831198598499","0.493346237610136",".."
PA.NUS.PPPC.RF,"GNQ","0.213086964417066","0.178128228498454","0.181588528265609","0.214864603080726","0.268993019252672","0.415866537002166","0.416881851032557","0.426313248845616","0.565566038064529","0.375034973793244","0.479112713531359","0.624270020547087","0.606151565394703","0.60780779254056","0.54458194304299",".."
PA.NUS.PPPC.RF,"ERI","0.156428518284678","0.149787910585388","0.138831710969072","0.166850077480385","0.203983992922517","0.190818749913286","0.206129635354502","0.215419748626386","0.245240434860656","0.315203650280357","0.347441086503472","0.385826796747967","..","..","..",".."
PA.NUS.PPPC.RF,"EST","0.419291440154796","0.426501656073762","0.44965150230762","0.54196928635953","0.603534161490683","0.624275587613481","0.652643332078786","0.759575691212702","0.803883111176212","0.728802445123645","0.69347417218543","0.728609952738393","0.674780056069632","0.705039535862262","0.715985130645317",".."
PA.NUS.PPPC.RF,"ETH","0.25278980920168","0.227906308627016","0.210889827528346","0.232139541292568","0.233701785669571","0.247853277773108","0.267339567811023","0.301327302887862","0.366363023904563","0.400492138110897","0.324406925898277","0.305169801679529","0.374007372459815","0.366625241402556","0.382438696291416",".."
PA.NUS.PPPC.RF,"FRO","..","..","..","..","..","..","..","..","..","..","..","..","..","..","..",".."
PA.NUS.PPPC.RF,"FJI","0.370457016720772","0.350038714740123","0.370798389821368","0.452392592962943","0.492431536950883","0.52226422018342","0.513367895263979","0.553490180398003","0.555933508114085","0.455868479921834","0.478569470366756","0.581281956256196","0.592078522689798","0.584163781891637","0.58144914025617",".."
PA.NUS.PPPC.RF,"FIN","0.916401326699834","0.904556599552573","0.944153961980049","1.13881264108352","1.21077601191954","1.21531152841686","1.19182536695521","1.28751847796332","1.34411747473268","1.25503612114476","1.20567947019868","1.26175979983319","1.17256135517926","1.21211826397826","1.22536199601249",".."
PA.NUS.PPPC.RF,"FRA","0.864988022848719","0.821337807606264","0.851656314699793","1.05687358916479","1.16696051651353","1.1482825519214","1.13256555011918","1.22231042978374","1.29227918558664","1.19638371769936","1.13414039735099","1.17366694467612","1.09010918046845","1.0871738932953","1.08639857725082",".."
PA.NUS.PPPC.RF,"PYF","..","..","..","..","..","..","..","..","..","..","..","..","..","..","..",".."
PA.NUS.PPPC.RF,"GAB","0.29684203466323","0.281413550101868","0.29398892516066","0.344914724822179","0.397985870413018","0.452564972772215","0.489121966134127","0.548100523259339","0.691154144483062","0.543999284279872","0.581855644963709","0.674249992695748","0.594189938489863","0.56774923489179","0.554400033551322",".."
PA.NUS.PPPC.RF,"GMB","0.513854465337602","0.416935300771467","0.35701910040233","0.275879357513505","0.298061428837216","0.314376146710211","0.316543762540229","0.362849729178639","0.406882985794453","0.353766881686069","0.346957692187223","0.337348305313231","0.315925307095426","0.294221998025842","0.270649775355982",".."
PA.NUS.PPPC.RF,"GEO","0.267094095875155","0.262374297422246","0.258412086219712","0.268145688280395","0.316565676897329","0.350030170899216","0.375089704708744","0.427147265380897","0.514996158183319","0.446971829156508","0.449238520006919","0.509229929378639","0.517204668440242","0.502373801727434","0.484039946754519",".."
PA.NUS.PPPC.RF,"DEU","0.890660585959093","0.854363310961969","0.886385281385281","1.03397291196388","1.11308169853489","1.07806864817809","1.0506636557521","1.13695866411169","1.18888384356233","1.12448041122534","1.05420264900662","1.09001668056714","1.00942240636931","1.03204610490645","1.02959712559919",".."
PA.NUS.PPPC.RF,"GHA","0.146941506312104","0.147342485776645","0.161111395222754","0.185853343424851","0.199316936841113","0.22033336943657","0.382083715995375","0.432688278874298","0.4479607888789","0.386146539766642","0.437896978130361","0.462622223234277","0.440766866037288","0.461299917652434","0.353197608336663",".."
PA.NUS.PPPC.RF,"GRC","0.624458264234384","0.599903355704698","0.621091661961227","0.776155756207675","0.863503849019121","0.887995274219624","0.877212394931627","0.983672324117164","1.02681997949319","0.969292859127535","0.928849006622517","0.973268001112038","0.856143489796647","0.816454230155953","0.807148986187754",".."
PA.NUS.PPPC.RF,"GRL","..","..","..","..","..","..","..","..","..","..","..","..","..","..","..",".."
PA.NUS.PPPC.RF,"GRD","0.668962056266155","0.668080885215252","0.66042872222603","0.64701781666107","0.642492941820348","0.6378097202082","0.647619598641526","0.6453256818127","0.682676455086089","0.677511871720963","0.672547880265548","0.660415452105241","0.674249850116363","0.683723402305204","0.690036191727248",".."
PA.NUS.PPPC.RF,"GUM","..","..","..","..","..","..","..","..","..","..","..","..","..","..","..",".."
PA.NUS.PPPC.RF,"GTM","0.344097833179709","0.318745230252226","0.335749244819808","0.338692157731184","0.349413169896644","0.372238130527819","0.380738985563557","0.393673140659925","0.428882485661608","0.408245190818669","0.429520177526178","0.46575313412282","0.469832248156976","0.477105668619108","0.492755117042728",".."
PA.NUS.PPPC.RF,"GIN","0.379381813969793","0.338494374363975","0.330004355437654","0.373386145469122","0.377741276981237","0.284639751589447","0.268928973724597","0.363031004581293","0.370618463771444","0.376544726424141","0.374912477400104","0.37824790129035","0.399795854485691","0.42342516643318","0.441843790888721",".."
PA.NUS.PPPC.RF,"GNB","0.275843771850895","0.279680233404884","0.294904239629323","0.329363356509907","0.347766313068618","0.357020696803549","0.341465931840196","0.37879805272624","0.44717248772223","0.410519536104867","0.398556621066831","0.466413384348482","0.407169106230749","0.394777209695939","0.409822375106329",".."
PA.NUS.PPPC.RF,"GUY","0.264492005226393","0.24709321832064","0.249881095919899","0.254152628610832","0.25366134325636","0.263085424425525","0.429268934476915","0.466228174707888","0.495356555423897","0.501314375358514","0.529278439286894","0.560906294803142","0.581710318604343","0.569732886046213","..",".."
PA.NUS.PPPC.RF,"HTI","0.335425413215544","0.301450119416596","0.287386828274561","0.239361181897066","0.288525119859607","0.334585613566915","0.350377058932485","0.408561465284429","0.442124161508765","0.428015238788826","0.450025567262377","0.474266059417795","0.475330982199886","0.481296428377938","0.475898292404952",".."
PA.NUS.PPPC.RF,"HND","0.412804918179391","0.418396433165134","0.408179373790622","0.400703125654593","0.395598698515847","0.398471680083203","0.406642805219298","0.4223471536957","0.446426033860514","0.48037477451245","0.496770009429855","0.524110109821056","0.517298356730948","0.495000486189022","0.496024709653067",".."
PA.NUS.PPPC.RF,"HKG","0.955270313066534","0.916523175462356","0.871947636811857","0.804788877843242","0.755009683366117","0.731380786526186","0.706649048592856","0.706869128103283","0.703470868660671","0.698687977984835","0.690576036888354","0.701643502597604","0.716242477410072","0.718878823407124","0.729238153710338",".."
PA.NUS.PPPC.RF,"HUN","0.38224119991835","0.38594770452463","0.445506153841978","0.536472994342122","0.622905658218321","0.644314120727018","0.610749384476449","0.715246071085871","0.752000600767053","0.620696588987836","0.602934702317976","0.62083123523414","0.564708947339194","0.565184250877311","0.559522009730511",".."
PA.NUS.PPPC.RF,"ISL","1.07219976849496","0.912130221730446","0.996508268993484","1.22986268886311","1.34255595747076","1.57313097296516","1.52734012539185","1.76581606431972","1.33512340829059","1.01126897468748","1.07781177960403","1.16211558894044","1.09882361339511","1.11187379260726","1.18283330087354",".."
PA.NUS.PPPC.RF,"IND","0.226377859489155","0.218832379652046","0.220241787530739","0.236263554967549","0.248628437272829","0.254816446103992","0.257424871392871","0.298045157603807","0.278046632794963","0.28373836519165","0.318113281487992","0.314063430639622","0.292960404778483","0.274454685486191","0.27742280615596",".."
PA.NUS.PPPC.RF,"IDN","0.169517082836179","0.155481134360164","0.178697810052963","0.200635687902151","0.203385879060309","0.207506405964945","0.243359532677503","0.2642678440148","0.288608333671417","0.289509413337114","0.376802442067933","0.411218687488029","0.391616667660733","0.362533330985116","0.332026130191673",".."
PA.NUS.PPPC.RF,"IRN","0.176373937360454","0.194981226018464","0.180127005312754","0.194052895003898","0.21655591221943","0.240950704767842","0.260184092793601","0.303054216767095","0.346615019738578","0.3377340184527","0.367062264270893","0.438708427276831","0.457704971796894","0.400589595818296","0.314570497735712",".."
PA.NUS.PPPC.RF,"IRQ","..","..","..","..","0.150640791067813","0.190656481164322","0.218959916933938","0.286929230141544","0.385203487472651","0.313740715182869","0.361366526345954","0.441471154034622","0.446661671164504","0.440493985826013","0.426385311401302",".."
PA.NUS.PPPC.RF,"IRL","0.885999631472268","0.887922147651007","0.944756258234519","1.14286794582393","1.24895579836106","1.25635368735232","1.23477857232468","1.31192033944703","1.39377618280357","1.23966101694915","1.11586490066225","1.15665276619405","1.06325170667957","1.08855474348616","1.10013690513844",".."
PA.NUS.PPPC.RF,"IMY","..","..","..","..","..","..","..","..","..","..","..","..","..","..","..",".."
PA.NUS.PPPC.RF,"ISR","0.844655777107399","0.813608911715053","0.730861581324666","0.796276322434729","0.787685854529228","0.82824988301357","0.850119843799093","0.906719651420365","1.07781633221851","1.00862497774839","1.0635081572613","1.10247421816048","1.02579371871677","1.08684557438795","1.10392884094022",".."
PA.NUS.PPPC.RF,"ITA","0.752668140777593","0.722234451901566","0.795617353660832","0.962237020316027","1.08354233921033","1.07778385772914","1.04560657383013","1.1182617027101","1.15550607880475","1.08302028341206","1.03275231788079","1.06862385321101","0.969758711403864","0.990471892237084","0.993231353759539",".."
PA.NUS.PPPC.RF,"JAM","0.534865434164348","0.525169873006656","0.540929507620606","0.496044291970675","0.514557578475877","0.545377130709613","0.546390005151805","0.56519616801024","0.595558244147348","0.544239901756541","0.598080479433763","0.628737142851113","0.636488831492723","0.600083753985436","0.575155219114875",".."
PA.NUS.PPPC.RF,"JPN","1.43801987649108","1.23181459718635","1.14663447857849","1.20578093476001","1.24046288576895","1.17541345258769","1.07188664936074","1.02160769743575","1.13047967530803","1.23433296533829","1.27174201611075","1.34642676707557","1.30684768566661","1.05274332704143","0.988393849871377",".."
PA.NUS.PPPC.RF,"JOR","0.289084578699976","0.284839880750754","0.28311765289755","0.283534334995216","0.284468514939067","0.28118043590592","0.30185704572146","0.308882616309188","0.362770163582407","0.370028043491","0.396315089044583","0.4132015159046","0.424183065197542","0.44135793898052","0.449994193881542",".."
PA.NUS.PPPC.RF,"KAZ","0.159749868595199","0.166657199156112","0.16624926230501","0.186642049753221","0.231947728658963","0.271174168529111","0.337014511052238","0.390189814017774","0.471478861531507","0.399545864799884","0.472316914734257","0.546789396047771","0.55364777059016","0.586353363346975","0.520132318376639",".."
PA.NUS.PPPC.RF,"KEN","0.239048115238044","0.230183806322956","0.228278778643355","0.24649320285694","0.246482428289218","0.262500105934174","0.329669351499668","0.371900923389905","0.408729993771725","0.404985644229019","0.398778045302631","0.386192901068905","0.435996533444158","0.442929857394134","0.459792357879522",".."
PA.NUS.PPPC.RF,"KIR","0.570191219422742","0.51742050777388","0.580203239927556","0.682200462536481","0.729707171342312","0.735410361821099","0.736748396266568","0.784393086935161","0.821979505676225","0.773086585200228","0.908322682553367","0.991873524179398","0.96277392565606","0.889489818683996","0.834435892939936",".."
PA.NUS.PPPC.RF,"PRK","..","..","..","..","..","..","..","..","..","..","..","..","..","..","..",".."
PA.NUS.PPPC.RF,"KOR","0.660704726073424","0.586565944740083","0.615280907049053","0.66478236503554","0.693228358013481","0.770342027427148","0.808755856913113","0.828840305047913","0.712962423461728","0.645893837563531","0.72709767650669","0.771083474293465","0.758907614826767","0.795917720088242","0.837570376788955",".."
PA.NUS.PPPC.RF,"KSV","0.296061815307419","0.312560417328564","0.330439101254676","0.379525849771246","0.390528206224343","0.366302118053128","0.371155751303607","0.399400914026818","0.449043684288998","0.428693389107385","0.42272489846576","0.454460105643592","0.421778612335495","0.437160370016249","0.444568803953663",".."
PA.NUS.PPPC.RF,"KWT","0.331814228474752","0.297979852411585","0.31144080818888","0.32673244254713","0.356437388833543","0.426439682935976","0.483624099751675","0.501749479200091","0.61738582129349","0.473755189856831","0.522477175569131","0.623145867640902","0.648818518713609","0.63236255605658","0.595171059228731",".."
PA.NUS.PPPC.RF,"KGZ","0.17005305535111","0.175776278003842","0.182291119662992","0.199578355147261","0.209149107250797","0.225813530191293","0.244784722872265","0.294731890566013","0.360443709704658","0.317258492771998","0.321918400314311","0.384812001934875","0.403228333573058","0.397791194721597","0.38201540417726",".."
PA.NUS.PPPC.RF,"LAO","0.174199557496979","0.164536543620082","0.152090269349363","0.16178911676166","0.173149812136121","0.181053189356196","0.20412361268607","0.226007231121351","0.265009007168813","0.262140189526785","0.293798784862108","0.307314537818979","0.315771920464185","0.343023553637124","0.337063738463063",".."
PA.NUS.PPPC.RF,"LVA","0.41051952707032","0.395526396491704","0.403658291427258","0.452192092577077","0.50713843198255","0.534744569869062","0.581263147170838","0.737020497173945","0.821336108695267","0.716705803931867","0.650175759850745","0.708511783269837","0.652166692597924","0.666065875675059","0.666393794747439",".."
PA.NUS.PPPC.RF,"LBN","0.545650897356137","0.524781184316523","0.542540428337127","0.540290718359248","0.510492670194245","0.489202733342308","0.478298877106306","0.480182126224678","0.50636502835151","0.555333316857183","0.549507523322512","0.556541558872305","0.576684206695222","0.578103685884652","0.575980485063764",".."
PA.NUS.PPPC.RF,"LSO","0.321799387854336","0.276476874293084","0.251818561203226","0.348016304873506","0.421667805603299","0.440995450555945","0.428318180536863","0.445370183442436","0.421700438744848","0.424974296986491","0.497387192542322","0.540267847570039","0.477598086628692","0.41913326453651","0.391987135643305",".."
PA.NUS.PPPC.RF,"LBR","0.275904688425851","0.258111695084833","0.255335939179184","0.274558232785742","0.297129073082551","0.316796709432601","0.312418381431654","0.339922476212438","0.357884271825589","0.458380249960782","0.477637027055801","0.517058416504903","0.52819522700834","0.536977085757327","0.543525661488248",".."
PA.NUS.PPPC.RF,"LBY","0.41124389248714","0.364803929885432","0.217828654692969","0.242335993908924","0.284716949510716","0.352368371097844","0.37272687712245","0.419356171518113","0.51704139944965","0.374111387121642","0.417506374500721","0.500549828459402","0.567603544983945","0.517441403728337","0.421448999685083",".."
PA.NUS.PPPC.RF,"LIE","..","..","..","..","..","..","..","..","..","..","..","..","..","..","..",".."
PA.NUS.PPPC.RF,"LTU","0.379203612373019","0.365277559210538","0.38638929253482","0.447035762522774","0.506130666644579","0.535567224015465","0.552377326561024","0.637954065990145","0.719418171617326","0.647633941970158","0.596899285516673","0.637363421601929","0.58600569295845","0.591902464192559","0.595600587356826",".."
PA.NUS.PPPC.RF,"LUX","0.86569006817763","0.847890827740492","0.879336533032185","1.06143340857788","1.14551154705736","1.18504663599055","1.14720737674069","1.26549548316452","1.32742053610664","1.26045012503473","1.2208","1.2433889352238","1.16146143095488","1.18553424232311","1.18437388381934",".."
PA.NUS.PPPC.RF,"MAC","0.444586340786266","0.450985869223061","0.438770163620559","0.432172981574971","0.429017561552122","0.440137561703545","0.461054073757695","0.486804600887521","0.530236018707454","0.531908751711013","0.548418290732552","0.572266245327349","0.60433133144763","0.642271019211815","0.687128343112679",".."
PA.NUS.PPPC.RF,"MKD","0.300362207253871","0.291894347397571","0.310531391671444","0.363820971919543","0.386329457220996","0.373126230128087","0.366058351288899","0.42017415819866","0.446801709429596","0.403909273062929","0.390565067227616","0.436377812319004","0.396034743293053","0.407406281846868","0.403431654599152",".."
PA.NUS.PPPC.RF,"MDG","0.214872977177933","0.231474474263483","0.253434831656853","0.281756813422912","0.207689153238667","0.22213017728099","0.224609686022356","0.274147943237947","0.321738037844123","0.30217920243558","0.304002907281202","0.33268675036073","0.318084044564035","0.327908942858212","0.312221923076928",".."
PA.NUS.PPPC.RF,"MWI","0.3072245349006","0.311209333269976","0.467944273535147","0.395634312469099","0.39759248227118","0.393091572615264","0.422741111006774","0.440162347732307","0.467169564174641","0.500180885115783","0.497769582331536","0.487230836306861","0.353967888064055","0.303622583402632","0.310421518494577",".."
PA.NUS.PPPC.RF,"MYS","0.312906111842595","0.301094682352368","0.305820054068805","0.309733418143863","0.319559862062782","0.338183849587159","0.352223055357009","0.38397895181015","0.428401421927535","0.378296847940199","0.438647329544705","0.476886195469467","0.468748204293428","0.453560502285921","0.441017459721522",".."
PA.NUS.PPPC.RF,"MDV","..","0.535729613748018","0.514021667109664","0.505602900247773","0.496914840398096","0.490628646843744","0.519551164112519","0.540826838120556","0.571997738948355","0.61457441427282","0.614538517401016","0.583947354441194","0.574405694654547","0.600045092500675","0.609392105577273",".."
PA.NUS.PPPC.RF,"MLI","0.24992111140617","0.248252518971289","0.247698845124092","0.298726096979337","0.335569331292363","0.337312388551998","0.346993180920197","0.378204403922982","0.432073487315635","0.421153269741481","0.406346349568425","0.445451304207039","0.424860593662844","0.435557621998668","0.440533649205787",".."
PA.NUS.PPPC.RF,"MLT","0.544845831473003","0.545738644970393","0.56132198119441","0.651223892722368","0.705223547303247","0.705769602334802","0.704987715830858","0.777229229652074","0.820663219966033","0.760241610797727","0.737882498994974","0.793105961033377","0.746810190845684","0.771403733431198","0.792554878324165",".."
PA.NUS.PPPC.RF,"MHL","0.892618088139635","0.859770792210582","0.893857460913465","0.889991792832476","0.895469327941112","0.8870834109731","0.880642466242057","0.863841317142185","0.879202233608303","0.889805180056482","0.909160110609546","0.938595164408269","0.95687156794541","0.949920966182786","0.928225120742308",".."
PA.NUS.PPPC.RF,"MRT","0.220137280611408","0.211301395982296","0.211341506905976","0.230751779793351","0.249105123267512","0.263874457179737","0.299792957235184","0.31353791186585","0.36533076391213","0.332876990924942","0.371771692454095","0.412121316160757","0.361322254098409","0.351678515904819","0.325934608492467",".."
PA.NUS.PPPC.RF,"MUS","0.429234921187888","0.40503292654823","0.410524642085962","0.456923775051265","0.478693840185767","0.450775184692554","0.450707857013094","0.479920576202844","0.551961536342719","0.487128061015416","0.508530388059862","0.555316637384853","0.537687183669381","0.535172940849896","0.538952058836233",".."
PA.NUS.PPPC.RF,"MEX","0.644444047828953","0.674873502231906","0.678717575268468","0.630237026497634","0.635361155413787","0.653967044084213","0.659328574574281","0.672346315038158","0.671135071026173","0.549814925814926","0.606819958847737","0.617630822728261","0.596735487300201","0.627581349827748","0.596350799322926",".."
PA.NUS.PPPC.RF,"FSM","0.864750516356101","0.855283245855572","0.842531484764405","0.822826249012786","0.809212468664361","0.800344228997799","0.787551406400283","0.79224539305128","0.814394283537163","0.850092265515603","0.868122295219986","0.879293960153449","0.901980359196699","0.89296638383002","0.917901183126135",".."
PA.NUS.PPPC.RF,"MDA","0.191794129324938","0.203109749515796","0.2082690690289","0.228334794165119","0.271369740753576","0.281321444318663","0.297036885934868","0.362503435325336","0.453870524801449","0.430450066959206","0.424256483597056","0.471517130054402","0.484385609609731","0.478240306447122","0.449340074021582",".."
PA.NUS.PPPC.RF,"MCO","..","..","..","..","..","..","..","..","..","..","..","..","..","..","..",".."
PA.NUS.PPPC.RF,"MNG","0.128523431078357","0.136130743087444","0.140992560164962","0.147571363824528","0.162117097472559","0.185505714149475","0.224301857091907","0.245831741862478","0.29397022553151","0.240883993389548","0.350916335249983","0.424432994685155","0.438361936178009","0.394820904849746","0.345679902825218",".."
PA.NUS.PPPC.RF,"MNE","0.245973649095396","0.280317541504406","0.300039225549223","0.381544986057305","0.431832522033935","0.437143886837135","0.41659159981825","0.477214526611771","0.526274249680998","0.510225689799414","0.497208437430534","0.514842355968888","0.476860801257881","0.491422610362479","0.490101646761473",".."
PA.NUS.PPPC.RF,"MAR","0.356505878615417","0.330251107961205","0.337278997630671","0.383427471433076","0.406992324475207","0.400219426261692","0.397353887982453","0.453795883681893","0.491761140467013","0.470160334901971","0.448953697893221","0.4545055365951","0.420170732513084","0.431732102805001","0.425903523964515",".."
PA.NUS.PPPC.RF,"MOZ","0.623718959017521","0.514089475987398","0.49122107490177","0.503078174328076","0.554297426934433","0.558437711592888","0.530767959771338","0.542334295137874","0.610750167130952","0.541033224203417","0.466221539057217","0.551457728338755","0.559354971570849","0.566948205973113","0.518549145640185",".."
PA.NUS.PPPC.RF,"MMR","..","..","..","..","..","..","..","..","..","..","..","0.287283","..","..","..",".."
PA.NUS.PPPC.RF,"NAM","0.42521655071142","0.372859213226673","0.332108924550167","0.458282908101537","0.532259674963102","0.552768377452344","0.550349135202274","0.550839361279923","0.510993813943631","0.528850726805763","0.626269415002887","0.642220764697722","0.629849767589831","0.575444192275727","0.543240507239079",".."
PA.NUS.PPPC.RF,"NPL","0.18962699439751","0.193422626841411","0.191657206234638","0.189131856350994","0.202042381249733","0.211431943374329","0.220749327821407","0.237406472812006","0.266619115265913","0.25938064112493","0.304338312381921","0.340761634472774","0.318428968820145","0.308020559497399","0.295541995805641",".."
PA.NUS.PPPC.RF,"NLD","0.822159572507831","0.810391051454139","0.848806700545831","1.04461625282167","1.12860069530668","1.11448078597189","1.0891456529921","1.17366684916507","1.23381866119818","1.16928174492915","1.12434437086093","1.15411175979983","1.0651430237832","1.07237224144176","1.08051982004464",".."
PA.NUS.PPPC.RF,"NCL","..","..","..","..","..","..","..","..","..","..","..","..","..","..","..",".."
PA.NUS.PPPC.RF,"NZL","0.634093883107188","0.617006947932362","0.724018926511903","0.914675094662269","1.01341243697479","1.0807575864254","0.961601063484858","1.10667009627398","1.04780276938216","0.918177275282654","1.07745784695201","1.17389398009164","1.21173280868237","1.15721319701641","1.17684002405757",".."
PA.NUS.PPPC.RF,"NIC","0.368881155989706","0.365092502592597","0.350249099737003","0.341257006380837","0.343404822559267","0.347980004129803","0.347991327767096","0.353817470599905","0.384132792045958","0.386946039750032","0.386393610991874","0.397721590826956","0.398481888301147","0.389707108697046","0.399135137818694",".."
PA.NUS.PPPC.RF,"NER","0.265337606133617","0.26201025806359","0.279532182683215","0.327537020834337","0.355934561595073","0.368062749445807","0.361462657567831","0.401692427568515","0.452651715376207","0.451941920218655","0.436547191517187","0.468537929326002","0.445880426693237","0.464913507793614","0.45574621819034",".."
PA.NUS.PPPC.RF,"NGA","0.167935754874361","0.149636139263257","0.190189134027144","0.193381935821425","0.182726445302318","0.218675539208668","0.254015690936944","0.265094414564678","0.305818445172956","0.231197836713862","0.461222897233052","0.480661716146122","0.506925894736312","0.529448076123342","0.541899932740866",".."
PA.NUS.PPPC.RF,"MNP","..","..","..","..","..","..","..","..","..","..","..","..","..","..","..",".."
PA.NUS.PPPC.RF,"NOR","1.03689097684565","1.02012533781154","1.14120832185175","1.28503954690545","1.33319413126038","1.38089763290648","1.35518562986294","1.49723919682004","1.55178687943262","1.42463034524434","1.49025478971576","1.6031309995361","1.55296570691878","1.54017940425532","1.48289880983867",".."
PA.NUS.PPPC.RF,"OMN","0.246855107755694","0.230344394738908","0.237532146962085","0.256986170120277","0.282640274324679","0.335344359878224","0.369695264554221","0.389869891901303","0.51142480732496","0.380027243276603","0.434143348608252","0.498228194027774","0.513618159132107","0.498766515854798","0.499851595201862",".."
PA.NUS.PPPC.RF,"PAK","0.192718528542559","0.180657709754583","0.172361463036488","0.185562394427255","0.19797144600746","0.19909471068522","0.228044506237372","0.235235498823524","0.253187707251056","0.241594157296766","0.247832551771626","0.284743929981798","0.284013707233063","0.275820937659659","0.273646811398371",".."
PA.NUS.PPPC.RF,"PLW","0.765847642696071","0.761896709078571","0.715416658440329","0.719598232283088","0.716211309411241","0.745566642152787","0.740664526384042","0.725397072532194","0.758973980570183","0.792347743784005","0.758749867231032","0.749237503264511","0.754908007635246","0.80413120949318","0.805037783808165",".."
PA.NUS.PPPC.RF,"PAN","0.482127873926874","0.476236223792698","0.476874427764138","0.472839688486219","0.469228529595907","0.462549000898199","0.458214020805486","0.490687489149402","0.519450391758205","0.516574735890931","0.535854778829307","0.547271966423635","0.556329386543499","0.568443584846704","0.571859746733442",".."
PA.NUS.PPPC.RF,"PNG","0.445090419421439","0.381220439868737","0.366108352639609","0.414238146091898","0.435827245229526","0.491971830187294","0.530070305947983","0.552720875574465","0.641543225169553","0.607759629880313","0.6684499037958","0.784071448405677","0.852031721282477","0.796590191812119","0.794521400639157",".."
PA.NUS.PPPC.RF,"PRY","0.320471329049872","0.295402980031226","0.240207518936768","0.235142168397367","0.268189381524455","0.276592247932782","0.312071850632589","0.373631922495149","0.462149357814452","0.411163597099845","0.451633435050277","0.53080209080364","0.518292016764924","0.529122732493156","0.528856001022012",".."
PA.NUS.PPPC.RF,"PER","0.38147084005446","0.375127248031878","0.369663041424363","0.377307853168234","0.395289642664523","0.404906011831735","0.428281790886288","0.447038753111141","0.477990322024345","0.467994604875905","0.52245869047406","0.552228826453285","0.578411918880789","0.564467930492125","0.545589130211842",".."
PA.NUS.PPPC.RF,"PHL","0.310293819281216","0.277510654928123","0.281320111381471","0.27099763977937","0.269175257399672","0.280764341107829","0.306886256943797","0.342665350049341","0.376326390469936","0.356826912537732","0.388338168655371","0.412201457777425","0.423504683270233","0.423818321519274","0.412186097332279",".."
PA.NUS.PPPC.RF,"POL","0.423526610064196","0.45418671682259","0.448309803921569","0.472674140546656","0.508828193350831","0.577690001545356","0.594292987883475","0.665916759998555","0.770591897725386","0.597746867087593","0.603238152091003","0.616835425948427","0.556900353139874","0.56244763652471","0.567534316056427",".."
PA.NUS.PPPC.RF,"PRT","0.644486825133591","0.630973601789709","0.666380575945793","0.795645598194131","0.889050161410479","0.851050864320358","0.830314891481621","0.903197372022995","0.95094331331478","0.880006946373993","0.836580132450331","0.861220461495691","0.75860960301896","0.774034246744692","0.769276044818371",".."
PA.NUS.PPPC.RF,"PRI","0.628881392842535","0.632010357226882","0.636871041712","0.645023946207708","0.653410994592683","0.657613976863497","0.669527430128061","0.691982160800989","0.722868935208684","0.756319181469118","0.783123036241428","0.7977296","0.8118634247255","0.820938948821244","..",".."
PA.NUS.PPPC.RF,"QAT","0.34506977588528","0.320674275551168","0.325329172707107","0.373756321876261","0.41143056568661","0.520349600404703","0.547052317143552","0.591326019400604","0.712755601452407","0.536068639211453","0.566562925163846","0.664461739751396","0.697457040229522","0.697152517252992","0.687756665228571",".."
PA.NUS.PPPC.RF,"ROM","0.291315549821858","0.282626550434836","0.299689457824936","0.355797032060096","0.398676756288501","0.488386183546954","0.510398923800085","0.620317233698118","0.633937856827758","0.519758857511212","0.500456218478536","0.522016833470065","0.452580094575985","0.489726902852892","0.491447239052416",".."
PA.NUS.PPPC.RF,"RUS","0.259557483114113","0.285080596503257","0.295805550239234","0.321511631695556","0.400958000694203","0.450288180056851","0.463938619396124","0.546668204278209","0.577043161965002","0.441687376340563","0.520783590567672","0.590340851464998","0.598597396870278","0.643223157888124","0.553986612191296",".."
PA.NUS.PPPC.RF,"RWA","0.341263333844875","0.296378874974533","0.257578988335635","0.273940240144148","0.282136922226509","0.315913501946914","0.338067415407983","0.371445001700835","0.416353598308382","0.430382870792009","0.425289048109791","0.434363127287874","0.442001239143994","0.433445684274842","0.41895011920922",".."
PA.NUS.PPPC.RF,"WSM","0.449427738569027","0.417112952855944","0.415315504729398","0.458251792065808","0.528780400550325","0.544801116109899","0.563186658952304","0.581895779648039","0.613323215724514","0.605260198625656","0.666820271489339","0.716534247704272","0.739936307687484","0.735657738484097","0.720708967983588",".."
PA.NUS.PPPC.RF,"SMR","..","..","..","..","..","..","..","..","..","..","..","0.987352071784413","..","..","..",".."
PA.NUS.PPPC.RF,"STP","..","0.302640030184839","0.324606568413255","0.3572638971702","0.366210781549132","0.396801413460987","0.37586958713627","0.384620261840524","0.453327454584305","0.439300387980806","0.421037311596743","0.483867003529075","0.50296891712203","0.547383692522072","0.570080725013101",".."
PA.NUS.PPPC.RF,"SAU","0.314454341203352","0.296963068328805","0.300940739051165","0.311888998229341","0.335022306025379","0.384160718827309","0.405085940810825","0.410861916588254","0.464406634601755","0.373648477428896","0.432600150625571","0.489869704676432","0.500600797314981","0.487218609589171","0.469263514804173",".."
PA.NUS.PPPC.RF,"SEN","0.311209221358613","0.303257222792849","0.324485863586648","0.383478290541214","0.412776039062884","0.41047315741387","0.417761708323032","0.467581350499982","0.524675345006439","0.486626003524621","0.465769379297561","0.500750373717082","0.458460312029965","0.464057854745931","0.457386993045852",".."
PA.NUS.PPPC.RF,"SRB","0.150603642153664","0.263051434940126","0.317765162929518","0.392275532590924","0.410791478559432","0.398184317042143","0.417583203800836","0.522180866801932","0.563515171009684","0.493233737488324","0.458110582609125","0.510927050188772","0.435334336493014","0.464864907879727","0.452615873214589",".."
PA.NUS.PPPC.RF,"SYC","0.518159087091527","0.52461107458499","0.572226317902438","0.60313071040162","0.718612002662718","0.699403603929889","0.685886939306861","0.615317802164727","0.577056853300083","0.507395903952974","0.541562454864804","0.540378628801776","0.532749745839257","0.612468808253228","0.589079497409731",".."
PA.NUS.PPPC.RF,"SLE","0.192083955978502","0.343337102466424","0.30737461964652","0.304965398782616","0.291059681369364","0.307412275232245","0.327297140228906","0.337824621667965","0.36488091712392","0.343724781358658","0.338648006938857","0.35711214350879","0.39232644879136","0.413536800946211","0.389579190459064",".."
PA.NUS.PPPC.RF,"SGP","0.581020618333161","0.534350382281521","0.520018921449554","0.515068053852935","0.538665962834927","0.54176144105703","0.560058885642034","0.608859716464524","0.626570711739401","0.626217105946751","0.659647042801052","0.708764394280475","0.70890356613494","0.697175883124164","0.68006621620384",".."
PA.NUS.PPPC.RF,"SXM","..","..","..","..","..","..","..","..","..","..","..","..","..","..","..",".."
PA.NUS.PPPC.RF,"SVK","0.484200294822185","0.466474272930649","0.496685488424619","0.625397291196388","0.710859200397318","0.703842805621191","0.696430811692385","0.746973720229948","0.780219715834188","0.710338983050848","0.675276821192053","0.720721434528774","0.659503044954012","0.660588109381758","0.653121832531252",".."
PA.NUS.PPPC.RF,"SVN","0.572097503228584","0.557506416584403","0.586949625935162","0.710432720120329","0.760746138515197","0.760605646063922","0.762532931878058","0.861387900355872","0.929173868463454","0.895568213392609","0.848996026490066","0.876206561023075","0.789193177079944","0.795397592485941","0.789466278888268",".."
PA.NUS.PPPC.RF,"SLB","0.769292957291259","0.752299072976368","0.65034209086444","0.583068465993255","0.609857340032695","0.618437007866866","0.619038510244525","0.634897621208393","0.685330694882119","0.701559643701977","0.728459580675803","0.83426855430629","0.905506596437727","0.89530791503711","0.950128354781517",".."
PA.NUS.PPPC.RF,"SOM","..","..","..","..","..","..","..","..","..","..","..","..","..","..","..",".."
PA.NUS.PPPC.RF,"ZAF","0.393875298043779","0.334150864255696","0.301597934134615","0.43590379348212","0.529244363567196","0.549213718080418","0.531804044357336","0.541937932293866","0.49332175048032","0.513146395736502","0.624024528360355","0.657467634719887","0.602710863478796","0.535475230084809","0.496874618508891",".."
PA.NUS.PPPC.RF,"SSD","..","..","..","..","..","..","..","..","0.47012718991359","0.349388628940446","0.420719255353225","0.489967547674808","0.519236580265525","0.578231914666475","0.552333881204803",".."
PA.NUS.PPPC.RF,"ESP","0.676180210060807","0.661491722595078","0.69019292301901","0.848388261851016","0.942536627762602","0.951263524437259","0.922940659892109","0.997135231316726","1.05482495971876","0.985876632397888","0.949494039735099","0.978547400611621","0.888701897001846","0.894290365481576","0.883810315207781",".."
PA.NUS.PPPC.RF,"LKA","0.19794213943702","0.189532974442727","0.195015467041783","0.199256719241335","0.201255099477055","0.216778124993883","0.226339978036587","0.236154957422693","0.275120657158403","0.272474319721522","0.336056685417877","0.349601694627593","0.329802334452867","0.341307628384009","0.341568107331191",".."
PA.NUS.PPPC.RF,"KNA","0.60969269726442","0.622424157040845","0.628558787384488","0.609494864991102","0.613240938665926","0.589370574074267","0.632384393604807","0.644301661111404","0.65165579098843","0.661067666271659","0.659224082610226","0.667768941880244","0.667662247112144","0.668707970366737","0.667415399288741",".."
PA.NUS.PPPC.RF,"LCA","0.626379338123618","0.60164536798867","0.595204303000041","0.604736556744241","0.598027844574767","0.620644926633341","0.631640793988748","0.667585065449785","0.648432102161967","0.642313841320011","0.679756402435093","0.68281609516413","0.689027631505837","0.689995618641559","0.71252197162373",".."
PA.NUS.PPPC.RF,"MAF","..","..","..","..","..","..","..","..","..","..","..","..","..","..","..",".."
PA.NUS.PPPC.RF,"VCT","0.613230590196637","0.639726895777311","0.636462723968159","0.604454592623178","0.611892141074733","0.610289339935052","0.609928612672811","0.64408084481023","0.631815188022674","0.621610992321807","0.641430986595196","0.626407714342318","0.622066998168426","0.626967690370004","0.62167500673767",".."
PA.NUS.PPPC.RF,"SDN","0.199192496391785","0.19667557228008","0.204372698427755","0.221715586882844","0.252574590137589","0.28140904588533","0.335009147478584","0.374919049147703","0.405209543687481","0.379695012404044","0.447688283938274","0.458979136604526","0.429330188562012","0.434279149413864","0.46096931847084",".."
PA.NUS.PPPC.RF,"SUR","0.243484610064893","0.194846766002741","0.259886732938859","0.283330668626113","0.29465644732165","0.329958521324405","0.451370488901975","0.467697450060703","0.529894957502492","0.559998533839454","0.593034644980684","0.55877298669131","0.599728052333224","0.592029469867709","0.581822508133124",".."
PA.NUS.PPPC.RF,"SWZ","0.263829429305121","0.225700416476665","0.198155387794802","0.287783242957056","0.355348966754734","0.35868157847966","0.384297696381957","0.37465175950182","0.354925245563606","0.362288611500706","0.394883878267835","0.537175672703841","0.507010809811522","0.450647307414311","0.419333383910219",".."
PA.NUS.PPPC.RF,"SWE","0.996810809630875","0.904443852804213","0.960416345729221","1.15271162336297","1.23883411122753","1.25495002074106","1.23117074625247","1.31467464638693","1.33108221692889","1.16516070448666","1.24716101283385","1.36341248941249","1.28582681049085","1.33762310397932","1.30028444266946",".."
PA.NUS.PPPC.RF,"CHE","1.09603327806727","1.08924093387059","1.13635185422815","1.31689685898864","1.41034740651387","1.39957918406682","1.32290237677461","1.33369710096634","1.42984396639276","1.39614097968937","1.44629111132419","1.61322635135135","1.4545607057165","1.42657561641443","1.43797248707633",".."
PA.NUS.PPPC.RF,"SYR","..","..","..","..","..","..","..","..","..","..","..","..","..","..","..",".."
PA.NUS.PPPC.RF,"TJK","0.148029261319975","0.164944773271563","0.16565469096297","0.186224088329108","0.219508858883341","0.22198711067061","0.24636057818561","0.292556894502533","0.368998687318237","0.340381583788176","0.357775968901366","0.377322423524126","0.403499458797441","0.412548157436688","0.414013301276252",".."
PA.NUS.PPPC.RF,"TZA","0.261196892516649","0.245604727367602","0.234896145289126","0.23248585738439","0.230834921823189","0.272897283275375","0.278083386413742","0.28853434323804","0.341200652170079","0.335486251035255","0.342531242888187","0.335484292289954","0.361649122263398","0.377229322144468","0.376351769407133",".."
PA.NUS.PPPC.RF,"THA","0.275620942646518","0.247943693891654","0.256830282888685","0.266370285809893","0.276920127334503","0.281963580269333","0.305268369075392","0.334403255062318","0.357278223711389","0.345198120228229","0.384082064471774","0.405696779828894","0.398265453727958","0.403488792357232","0.379876264221427",".."
PA.NUS.PPPC.RF,"TMP","0.387910091009891","0.400318952942504","0.414860153184449","0.424841583010193","0.423186104869116","0.406618562883765","0.394547211124461","0.416343066802851","0.443913649339247","0.459695798344219","0.474136051466002","0.5167665","0.543176771673288","0.530493205021132","0.52494754371979",".."
PA.NUS.PPPC.RF,"TGO","0.257260144143747","0.263210320460668","0.289588748341031","0.307042282743514","0.338674041655878","0.354101101425783","0.343849297917262","0.375099164014167","0.451138319156935","0.43249726521071","0.412153808144031","0.455765478563569","0.440713613817578","0.457706156888477","0.444453412908648",".."
PA.NUS.PPPC.RF,"TON","0.527513707844677","0.440872712080423","0.456961060873948","0.502005788294967","0.550452394237295","0.574997094540283","0.627662241605316","0.666650242918915","0.724151089138432","0.67170332866176","0.733248458439035","0.840187826140746","0.850668718168119","0.815356233360382","0.789465696549177",".."
PA.NUS.PPPC.RF,"TTO","0.447430967128295","0.454488044469224","0.423323473359537","0.455158176919012","0.482031296826137","0.52916472189777","0.521223599687593","0.571035722511593","0.697560999597811","0.498184981306901","0.540481475442075","0.614392187215053","0.599591595870891","0.643920193380485","0.667050625984324",".."
PA.NUS.PPPC.RF,"TUN","0.368248801075588","0.356453568741407","0.363380231773122","0.403658858502638","0.42004096610699","0.406980393158451","0.399650352374778","0.412879444331944","0.447865867498245","0.417883045509287","0.40430937731678","0.420615411124349","0.390494950376621","0.388767318240289","0.38657242043066",".."
PA.NUS.PPPC.RF,"TUR","0.452226487523992","0.349046997389034","0.406462314225053","0.514467319608235","0.569663977551736","0.618219708246502","0.593203360168008","0.663317215442474","0.683872454859777","0.588621290322581","0.625487756188448","0.592164179104478","0.57126280623608","0.567159890744826","0.531392277815856",".."
PA.NUS.PPPC.RF,"TKM","0.152148579742237","0.173492506215066","0.215139380419459","0.273626830202024","0.290150397678602","0.294715385666147","0.326768287641268","0.353153072705347","0.459534396936412","0.450865799787042","0.446927006890989","0.503898245614035","0.53594068205813","0.558897395201618","0.583672901410923",".."
PA.NUS.PPPC.RF,"TCA","..","..","..","..","..","..","..","..","..","..","..","..","..","..","..",".."
PA.NUS.PPPC.RF,"TUV","0.600692293542994","0.554922317800374","0.593150193536715","0.709834453735614","0.827254677985354","0.84470221678294","0.84142740909006","0.90956187844972","0.925740973375658","0.860160013342989","1.02585815352593","1.1448440143122","1.13879475672025","1.06454413052584","1.01636008882522",".."
PA.NUS.PPPC.RF,"UGA","0.309025813134484","0.270889610461403","0.259569184125668","0.245139385781026","0.279904080482371","0.289506453449755","0.279657685820792","0.310664915092213","0.32465344122409","0.377203513382885","0.399987913608347","0.358767047829622","0.387092353322288","0.391995266066703","0.40351501191159",".."
PA.NUS.PPPC.RF,"UKR","0.166760182401432","0.181535349607043","0.189553525101006","0.200895349171035","0.22573123493543","0.282716404899571","0.319759951076392","0.382338368031899","0.462282987834172","0.350718693935772","0.38695849795283","0.431032878581771","0.455276584465822","0.467805656032199","0.355717080999854",".."
PA.NUS.PPPC.RF,"ARE","0.402560536445928","0.384344324665582","0.39280725172757","0.400811553057081","0.423248092469901","0.477819636297503","0.519007591614508","0.568946153420411","0.661416524465585","0.556765515718878","0.610571950249307","0.692800172749277","0.682185205081966","0.668072183623654","0.649623582716765",".."
PA.NUS.PPPC.RF,"USA","1","1","1","1","1","1","1","1","1","1","1","1","1","1","1",".."
PA.NUS.PPPC.RF,"URY","0.673391620670942","0.626973759867979","0.435719634374244","0.375173603215745","0.395095934840018","0.451892855511921","0.474928589034848","0.519175178643449","0.616251081782207","0.611724376411605","0.713292571677235","0.791214755276988","0.805941435957357","0.84585229822801","0.804757690494255",".."
PA.NUS.PPPC.RF,"UZB","0.284961913693019","0.221543557877523","0.17827279957911","0.175363448933614","0.188226465863353","0.202693848427528","0.218158665742077","0.254238102346721","0.285310130223167","0.307729245113842","0.335834143421099","0.350104659018313","0.358956170938969","0.363395721191666","0.365449586666629",".."
PA.NUS.PPPC.RF,"VUT","0.656908624853229","0.63102145433707","0.666833359803042","0.750679013879262","0.815498821174016","0.811887895528077","0.807893489002355","0.896466365917144","0.953877167989039","0.919508575986353","1.02679829920528","1.12341502167061","1.07026808306354","1.06076189786438","1.03874058000969",".."
PA.NUS.PPPC.RF,"VEN","0.418743554329616","0.415449829465897","0.339276098403304","0.324632122704292","0.359185329443659","0.408184979699759","0.454472054913615","0.511080546786805","0.652285016772962","0.698068428675771","0.836891062318779","0.632551920893971","0.708761255342727","..","..",".."
PA.NUS.PPPC.RF,"VNM","0.20632550232707","0.199288654071137","0.198503184133976","0.204942676642102","0.214601902823241","0.225431534110681","0.235444259720035","0.249695825133871","0.296784518801602","0.298870339787239","0.303396756462442","0.327122055501383","0.351017319497093","0.360504523100187","0.364596128490224",".."
PA.NUS.PPPC.RF,"VIR","..","..","..","..","..","..","..","..","..","..","..","..","..","..","..",".."
PA.NUS.PPPC.RF,"WBG","0.443114390897675","0.429862435686756","0.381407175051176","0.381108263498602","0.372304411564665","0.362876373159962","0.37495201978357","0.416739513310706","0.541961387008155","0.484376465934467","0.573427052408651","0.611415984330159","0.565493939382515","0.643859701082417","0.65777578661173",".."
PA.NUS.PPPC.RF,"YEM","0.17269988550148","0.166339575463098","0.171046010135982","0.178038119787457","0.196307145511349","0.217509763890596","0.232962931082749","0.294992698438396","0.329840448988815","0.294317308569427","0.305630040411878","0.354621774480153","0.350865135165806","0.372068960281932","..",".."
PA.NUS.PPPC.RF,"ZMB","0.204255185907232","0.215626964311933","0.208141684119006","0.223033697191706","0.25738373803862","0.311433319194412","0.428734261832528","0.424707755575438","0.492453212359826","0.382960938301881","0.453499860298395","0.489308192886736","0.473283543928345","0.469965616478347","0.440986693936244",".."
PA.NUS.PPPC.RF,"ZWE","0.267800652502859","0.26149100761703","0.264524349702357","0.282179056915851","0.295530909405558","0.301025250193585","0.286159931332516","0.281236100773262","0.27954697446386","0.483572854778395","0.495466657135912","0.504427291187321","0.506941876150117","0.520399992023925","0.519782800625595",".."
PA.NUS.PPPC.RF,"EMU","..","..","..","..","..","..","..","..","..","..","..","..","..","..","..",".."
,"","","","","","","","","","","","","","","","",""
,"","","","","","","","","","","","","","","","",""
,"","","","","","","","","","","","","","","","",""
Data from database: World Development Indicators,"","","","","","","","","","","","","","","","",""
Last Updated: 06/14/2016,"","","","","","","","","","","","","","","","",""
